PLAYER_ID,PLAYER_NAME,TEAM_ID,TEAM_NAME
255,Grant Hill,1610612746,Clippers
283,Lindsey Hunter,1610612741,Bulls
406,Shaquille O'Neal,1610612738,Celtics
436,Juwan Howard,1610612748,Heat
467,Jason Kidd,1610612752,Knicks
686,Antonio McDyess,1610612759,Spurs
689,Theo Ratliff,1610612747,Lakers
693,Joe Smith,1610612747,Lakers
703,Kurt Thomas,1610612752,Knicks
708,Kevin Garnett,1610612750,Timberwolves
711,Jerry Stackhouse,1610612751,Nets
714,Michael Finley,1610612738,Celtics
739,Rasheed Wallace,1610612752,Knicks
947,Allen Iverson,1610612755,76ers
948,Marcus Camby,1610612752,Knicks
951,Ray Allen,1610612748,Heat
956,Erick Dampier,1610612737,Hawks
959,Steve Nash,1610612747,Lakers
965,Derek Fisher,1610612760,Thunder
977,Kobe Bryant,1610612747,Lakers
978,Peja Stojakovic,1610612742,Mavericks
979,Jermaine O'Neal,1610612744,Warriors
980,Zydrunas Ilgauskas,1610612748,Heat
1088,Chucky Atkins,1610612756,Suns
1112,Ben Wallace,1610612765,Pistons
1495,Tim Duncan,1610612759,Spurs
1497,Chauncey Billups,1610612765,Pistons
1498,Antonio Daniels,1610612755,76ers
1499,Tony Battie,1610612755,76ers
1501,Tim Thomas,1610612742,Mavericks
1502,Adonal Foyle,1610612753,Magic
1503,Tracy McGrady,1610612759,Spurs
1515,Anthony Parker,1610612739,Cavaliers
1533,Anthony Johnson,1610612753,Magic
1536,Stephen Jackson,1610612746,Clippers
1563,Kevin Ollie,1610612760,Thunder
1630,Mikki Moore,1610612744,Warriors
1710,Mike Bibby,1610612752,Knicks
1712,Antawn Jamison,1610612746,Clippers
1713,Vince Carter,1610612737,Hawks
1715,Jason Williams,1610612763,Grizzlies
1716,Larry Hughes,1610612753,Magic
1717,Dirk Nowitzki,1610612742,Mavericks
1718,Paul Pierce,1610612746,Clippers
1719,Bonzi Wells,1610612750,Timberwolves
1725,Rasho Nesterovic,1610612761,Raptors
1729,Ricky Davis,1610612746,Clippers
1730,Brian Skinner,1610612763,Grizzlies
1733,Al Harrington,1610612764,Wizards
1737,Nazr Mohammed,1610612760,Thunder
1740,Rashard Lewis,1610612748,Heat
1747,Rafer Alston,1610612748,Heat
1752,Sean Marks,1610612757,Trail Blazers
1763,Ryan Bowen,1610612760,Thunder
1766,Maceo Baston,1610612765,Pistons
1802,Brad Miller,1610612750,Timberwolves
1853,Anthony Carter,1610612743,Nuggets
1863,Earl Boykins,1610612745,Rockets
1882,Elton Brand,1610612755,76ers
1884,Baron Davis,1610612752,Knicks
1885,Lamar Odom,1610612746,Clippers
1886,Jonathan Bender,1610612752,Knicks
1888,Richard Hamilton,1610612741,Bulls
1889,Andre Miller,1610612759,Spurs
1890,Shawn Marion,1610612739,Cavaliers
1891,Jason Terry,1610612749,Bucks
1894,Corey Maggette,1610612759,Spurs
1897,Metta World Peace,1610612747,Lakers
1899,James Posey,1610612754,Pacers
1902,Jeff Foster,1610612754,Pacers
1903,Kenny Thomas,1610612763,Grizzlies
1904,Devean George,1610612744,Warriors
1905,Andrei Kirilenko,1610612751,Nets
1913,Michael Ruffin,1610612760,Thunder
1922,Francisco Elson,1610612755,76ers
1938,Manu Ginobili,1610612759,Spurs
1952,Raja Bell,1610612762,Jazz
2030,Kenyon Martin,1610612749,Bucks
2032,Darius Miles,1610612766,Hornets
2034,Mike Miller,1610612743,Nuggets
2037,Jamal Crawford,1610612756,Suns
2038,Joel Przybilla,1610612749,Bucks
2039,Keyon Dooling,1610612763,Grizzlies
2041,Etan Thomas,1610612737,Hawks
2045,Hedo Turkoglu,1610612746,Clippers
2046,Desmond Mason,1610612758,Kings
2047,Quentin Richardson,1610612752,Knicks
2048,Jamaal Magloire,1610612761,Raptors
2049,Speedy Claxton,1610612744,Warriors
2050,Morris Peterson,1610612760,Thunder
2052,DeShawn Stevenson,1610612737,Hawks
2056,Primoz Brezec,1610612749,Bucks
2059,Eduardo Najera,1610612766,Hornets
2060,Marko Jaric,1610612751,Nets
2063,Jake Voskuhl,1610612746,Clippers
2067,Eddie House,1610612748,Heat
2072,Michael Redd,1610612756,Suns
2073,Brian Cardinal,1610612742,Mavericks
2078,Jason Hart,1610612750,Timberwolves
2109,Eddie Gill,1610612749,Bucks
2124,Malik Allen,1610612753,Magic
2137,Ime Udoka,1610612751,Nets
2198,Kwame Brown,1610612755,76ers
2199,Tyson Chandler,1610612745,Rockets
2200,Pau Gasol,1610612757,Trail Blazers
2201,Eddy Curry,1610612742,Mavericks
2202,Jason Richardson,1610612755,76ers
2203,Shane Battier,1610612748,Heat
2205,DeSagana Diop,1610612739,Cavaliers
2207,Joe Johnson,1610612765,Pistons
2209,Vladimir Radmanovic,1610612741,Bulls
2210,Richard Jefferson,1610612743,Nuggets
2211,Troy Murphy,1610612742,Mavericks
2212,Steven Hunter,1610612763,Grizzlies
2215,Jason Collins,1610612751,Nets
2216,Zach Randolph,1610612758,Kings
2217,Brendan Haywood,1610612739,Cavaliers
2222,Gerald Wallace,1610612738,Celtics
2223,Samuel Dalembert,1610612742,Mavericks
2224,Jamaal Tinsley,1610612762,Jazz
2225,Tony Parker,1610612766,Hornets
2230,Maurice Evans,1610612764,Wizards
2239,Trenton Hassell,1610612751,Nets
2240,Gilbert Arenas,1610612763,Grizzlies
2243,Brian Scalabrine,1610612741,Bulls
2246,Mehmet Okur,1610612751,Nets
2248,Earl Watson,1610612757,Trail Blazers
2250,Bobby Simmons,1610612746,Clippers
2254,Loren Woods,1610612739,Cavaliers
2260,Jarron Collins,1610612757,Trail Blazers
2294,Charlie Bell,1610612744,Warriors
2306,Carlos Arroyo,1610612738,Celtics
2365,Chris Andersen,1610612739,Cavaliers
2366,Mike Wilks,1610612760,Thunder
2397,Yao Ming,1610612745,Rockets
2399,Mike Dunleavy,1610612737,Hawks
2400,Drew Gooden,1610612764,Wizards
2401,Nikoloz Tskitishvili,1610612746,Clippers
2403,Nene,1610612745,Rockets
2404,Chris Wilcox,1610612738,Celtics
2405,Amar'e Stoudemire,1610612748,Heat
2406,Caron Butler,1610612758,Kings
2407,Jared Jeffries,1610612757,Trail Blazers
2408,Melvin Ely,1610612740,Pelicans
2409,Marcus Haislip,1610612759,Spurs
2413,Juan Dixon,1610612737,Hawks
2416,Kareem Rush,1610612746,Clippers
2419,Tayshaun Prince,1610612750,Timberwolves
2420,Nenad Krstic,1610612738,Celtics
2422,John Salmons,1610612740,Pelicans
2424,Dan Dickau,1610612756,Suns
2427,Roger Mason Jr.,1610612748,Heat
2429,Dan Gadzuric,1610612747,Lakers
2430,Carlos Boozer,1610612747,Lakers
2431,David Andersen,1610612740,Pelicans
2436,Flip Murray,1610612763,Grizzlies
2440,Matt Barnes,1610612744,Warriors
2441,Jamal Sampson,1610612738,Celtics
2443,Darius Songaila,1610612755,76ers
2446,Rasual Butler,1610612750,Timberwolves
2449,Luis Scola,1610612751,Nets
2457,Jannero Pargo,1610612766,Hornets
2484,Devin Brown,1610612741,Bulls
2501,Reggie Evans,1610612758,Kings
2544,LeBron James,1610612747,Lakers
2545,Darko Milicic,1610612738,Celtics
2546,Carmelo Anthony,1610612757,Trail Blazers
2547,Chris Bosh,1610612748,Heat
2548,Dwyane Wade,1610612748,Heat
2549,Chris Kaman,1610612757,Trail Blazers
2550,Kirk Hinrich,1610612737,Hawks
2551,T.J. Ford,1610612759,Spurs
2552,Michael Sweetney,1610612738,Celtics
2553,Jarvis Hayes,1610612751,Nets
2554,Mickael Pietrus,1610612761,Raptors
2555,Nick Collison,1610612760,Thunder
2556,Marcus Banks,1610612761,Raptors
2557,Luke Ridnour,1610612753,Magic
2561,David West,1610612744,Warriors
2562,Sasha Pavlovic,1610612757,Trail Blazers
2563,Dahntay Jones,1610612739,Cavaliers
2564,Boris Diaw,1610612762,Jazz
2566,Travis Outlaw,1610612752,Knicks
2567,Brian Cook,1610612765,Pistons
2568,Carlos Delfino,1610612745,Rockets
2570,Kendrick Perkins,1610612739,Cavaliers
2571,Leandro Barbosa,1610612756,Suns
2572,Josh Howard,1610612750,Timberwolves
2574,Jason Kapono,1610612744,Warriors
2575,Luke Walton,1610612739,Cavaliers
2581,Steve Blake,1610612765,Pistons
2584,Willie Green,1610612753,Magic
2585,Zaza Pachulia,1610612765,Pistons
2586,Keith Bogans,1610612755,76ers
2588,Matt Bonner,1610612759,Spurs
2590,Mo Williams,1610612739,Cavaliers
2592,James Jones,1610612739,Cavaliers
2594,Kyle Korver,1610612749,Bucks
2596,Tommy Smith,1610612744,Warriors
2605,Marquis Daniels,1610612749,Bucks
2617,Udonis Haslem,1610612748,Heat
2624,Quinton Ross,1610612751,Nets
2632,Kirk Penney,1610612759,Spurs
2648,Ronald Dupree,1610612763,Grizzlies
2669,Linton Johnson,1610612753,Magic
2679,Matt Carroll,1610612740,Pelicans
2694,Josh Powell,1610612749,Bucks
2730,Dwight Howard,1610612747,Lakers
2731,Emeka Okafor,1610612755,76ers
2732,Ben Gordon,1610612744,Warriors
2733,Shaun Livingston,1610612744,Warriors
2734,Devin Harris,1610612742,Mavericks
2735,Josh Childress,1610612743,Nuggets
2736,Luol Deng,1610612750,Timberwolves
2738,Andre Iguodala,1610612763,Grizzlies
2739,Luke Jackson,1610612763,Grizzlies
2740,Andris Biedrins,1610612762,Jazz
2742,Sebastian Telfair,1610612760,Thunder
2743,Kris Humphries,1610612755,76ers
2744,Al Jefferson,1610612754,Pacers
2746,Josh Smith,1610612740,Pelicans
2747,JR Smith,1610612739,Cavaliers
2748,Dorell Wright,1610612746,Clippers
2749,Jameer Nelson,1610612765,Pistons
2753,Delonte West,1610612742,Mavericks
2754,Tony Allen,1610612740,Pelicans
2755,Kevin Martin,1610612759,Spurs
2756,Sasha Vujacic,1610612752,Knicks
2757,Beno Udrih,1610612765,Pistons
2760,Anderson Varejao,1610612744,Warriors
2765,Andre Emmett,1610612741,Bulls
2767,Royal Ivey,1610612760,Thunder
2768,Chris Duhon,1610612747,Lakers
2772,Trevor Ariza,1610612758,Kings
2773,Tim Pickett,1610612744,Warriors
2788,DJ Mbenga,1610612752,Knicks
2804,Andres Nocioni,1610612755,76ers
2853,Earl Barron,1610612737,Hawks
2857,Andre Barrett,1610612763,Grizzlies
2863,Damien Wilkins,1610612754,Pacers
2876,Jared Reiner,1610612750,Timberwolves
101106,Andrew Bogut,1610612744,Warriors
101107,Marvin Williams,1610612766,Hornets
101108,Chris Paul,1610612760,Thunder
101109,Raymond Felton,1610612760,Thunder
101110,Martell Webster,1610612764,Wizards
101111,Charlie Villanueva,1610612742,Mavericks
101112,Channing Frye,1610612739,Cavaliers
101113,Ike Diogu,1610612752,Knicks
101114,Deron Williams,1610612739,Cavaliers
101115,Andrew Bynum,1610612754,Pacers
101118,Sean May,1610612758,Kings
101120,Antoine Wright,1610612758,Kings
101121,Joey Graham,1610612739,Cavaliers
101122,Danny Granger,1610612765,Pistons
101123,Gerald Green,1610612745,Rockets
101124,Hakim Warrick,1610612766,Hornets
101126,Nate Robinson,1610612740,Pelicans
101127,Jarrett Jack,1610612740,Pelicans
101128,Francisco Garcia,1610612745,Rockets
101129,Luther Head,1610612758,Kings
101130,Johan Petro,1610612737,Hawks
101131,Jason Maxiell,1610612766,Hornets
101132,Linas Kleiza,1610612761,Raptors
101133,Ian Mahinmi,1610612764,Wizards
101135,David Lee,1610612759,Spurs
101138,Brandon Bass,1610612746,Clippers
101139,CJ Miles,1610612764,Wizards
101141,Ersan Ilyasova,1610612749,Bucks
101142,Ronny Turiaf,1610612755,76ers
101143,Travis Diener,1610612757,Trail Blazers
101144,Von Wafer,1610612753,Magic
101145,Monta Ellis,1610612754,Pacers
101146,Roko Ukic,1610612749,Bucks
101150,Lou Williams,1610612746,Clippers
101153,Mickael Gelabale,1610612750,Timberwolves
101154,Andray Blatche,1610612751,Nets
101155,Ryan Gomes,1610612760,Thunder
101158,Orien Greene,1610612749,Bucks
101160,Lawrence Roberts,1610612754,Pacers
101161,Amir Johnson,1610612755,76ers
101162,Marcin Gortat,1610612746,Clippers
101177,Fabricio Oberto,1610612757,Trail Blazers
101179,Ronnie Price,1610612756,Suns
101181,Jose Calderon,1610612765,Pistons
101183,Shavlik Randolph,1610612738,Celtics
101187,Alan Anderson,1610612746,Clippers
101189,James Singleton,1610612764,Wizards
101194,Anthony Roberson,1610612746,Clippers
101198,Will Bynum,1610612737,Hawks
101204,Dwayne Jones,1610612762,Jazz
101208,Spencer Nelson,1610612762,Jazz
101209,Devin Green,1610612752,Knicks
101211,Stephen Graham,1610612749,Bucks
101214,Jawad Williams,1610612739,Cavaliers
101215,Will Conroy,1610612750,Timberwolves
101217,D'or Fischer,1610612764,Wizards
101223,Aaron Miles,1610612744,Warriors
101232,Roger Powell,1610612741,Bulls
101235,Kelenna Azubuike,1610612739,Cavaliers
101236,Chuck Hayes,1610612745,Rockets
101249,John Lucas III,1610612750,Timberwolves
200081,Jamario Moon,1610612766,Hornets
200575,Romel Beck,1610612745,Rockets
200745,Andrea Bargnani,1610612751,Nets
200746,LaMarcus Aldridge,1610612759,Spurs
200747,Adam Morrison,1610612757,Trail Blazers
200748,Tyrus Thomas,1610612763,Grizzlies
200749,Shelden Williams,1610612751,Nets
200750,Brandon Roy,1610612750,Timberwolves
200751,Randy Foye,1610612751,Nets
200752,Rudy Gay,1610612759,Spurs
200753,Patrick O'Bryant,1610612766,Hornets
200755,JJ Redick,1610612740,Pelicans
200756,Hilton Armstrong,1610612744,Warriors
200757,Thabo Sefolosha,1610612745,Rockets
200758,Ronnie Brewer,1610612741,Bulls
200760,Rodney Carney,1610612748,Heat
200761,Shawne Williams,1610612765,Pistons
200762,Oleksiy Pecherov,1610612743,Nuggets
200763,Quincy Douby,1610612761,Raptors
200764,Renaldo Balkman,1610612742,Mavericks
200765,Rajon Rondo,1610612747,Lakers
200766,Marcus Williams,1610612758,Kings
200767,Josh Boone,1610612751,Nets
200768,Kyle Lowry,1610612761,Raptors
200769,Shannon Brown,1610612748,Heat
200770,Jordan Farmar,1610612758,Kings
200771,Sergio Rodriguez,1610612755,76ers
200772,Maurice Ager,1610612750,Timberwolves
200776,Mardy Collins,1610612746,Clippers
200777,Joel Freeland,1610612757,Trail Blazers
200778,James White,1610612752,Knicks
200779,Steve Novak,1610612749,Bucks
200780,Solomon Jones,1610612741,Bulls
200781,Paul Davis,1610612764,Wizards
200782,P.J. Tucker,1610612745,Rockets
200783,Craig Smith,1610612757,Trail Blazers
200789,Daniel Gibson,1610612739,Cavaliers
200792,Alexander Johnson,1610612745,Rockets
200793,Dee Brown,1610612742,Mavericks
200794,Paul Millsap,1610612743,Nuggets
200796,Leon Powe,1610612763,Grizzlies
200797,Ryan Hollins,1610612763,Grizzlies
200807,Will Blalock,1610612751,Nets
200809,Chris Quinn,1610612739,Cavaliers
200811,Lou Amundson,1610612752,Knicks
200813,Vincent Grier,1610612764,Wizards
200814,Tarence Kinsey,1610612744,Warriors
200817,Pooh Jeter,1610612758,Kings
200821,Yakhouba Diawara,1610612763,Grizzlies
200822,Pops Mensah-Bonsu,1610612764,Wizards
200826,J.J. Barea,1610612742,Mavericks
200839,Mike Harris,1610612762,Jazz
200847,Brandon Bowman,1610612755,76ers
200852,Antoine Hood,1610612759,Spurs
200894,Isma'il Muhammad,1610612737,Hawks
200918,Rod Benson,1610612754,Pacers
200971,Dontell Jefferson,1610612766,Hornets
200984,Lance Allred,1610612754,Pacers
201041,Walker Russell,1610612760,Thunder
201043,Randolph Morris,1610612737,Hawks
201141,Greg Oden,1610612748,Heat
201142,Kevin Durant,1610612751,Nets
201143,Al Horford,1610612755,76ers
201144,Mike Conley,1610612762,Jazz
201145,Jeff Green,1610612762,Jazz
201146,Yi Jianlian,1610612747,Lakers
201147,Corey Brewer,1610612758,Kings
201148,Brandan Wright,1610612745,Rockets
201149,Joakim Noah,1610612763,Grizzlies
201150,Spencer Hawes,1610612749,Bucks
201151,Acie Law,1610612744,Warriors
201152,Thaddeus Young,1610612741,Bulls
201153,Julian Wright,1610612761,Raptors
201154,Al Thornton,1610612744,Warriors
201155,Rodney Stuckey,1610612754,Pacers
201156,Nick Young,1610612743,Nuggets
201157,Sean Williams,1610612738,Celtics
201158,Marco Belinelli,1610612759,Spurs
201159,Javaris Crittenton,1610612766,Hornets
201160,Jason Smith,1610612740,Pelicans
201161,Daequan Cook,1610612741,Bulls
201162,Jared Dudley,1610612747,Lakers
201163,Wilson Chandler,1610612751,Nets
201164,Rudy Fernandez,1610612743,Nuggets
201165,Morris Almond,1610612764,Wizards
201166,Aaron Brooks,1610612750,Timberwolves
201167,Arron Afflalo,1610612753,Magic
201168,Tiago Splitter,1610612755,76ers
201169,Alando Tucker,1610612749,Bucks
201171,Carl Landry,1610612755,76ers
201175,Glen Davis,1610612746,Clippers
201177,Josh McRoberts,1610612742,Mavericks
201178,Kyrylo Fesenko,1610612750,Timberwolves
201181,Chris Richard,1610612741,Bulls
201182,Derrick Byars,1610612759,Spurs
201183,Adam Haluska,1610612742,Mavericks
201186,Stephane Lasme,1610612738,Celtics
201187,Dominic McGuire,1610612762,Jazz
201188,Marc Gasol,1610612761,Raptors
201189,Aaron Gray,1610612765,Pistons
201191,JamesOn Curry,1610612751,Nets
201193,Demetris Nichols,1610612762,Jazz
201196,Ramon Sessions,1610612764,Wizards
201199,DJ Strawberry,1610612740,Pelicans
201202,Joel Anthony,1610612749,Bucks
201203,Mustafa Shakur,1610612760,Thunder
201207,Coby Karl,1610612757,Trail Blazers
201208,Darryl Watkins,1610612740,Pelicans
201225,Carlos Powell,1610612756,Suns
201228,C.J. Watson,1610612753,Magic
201229,Anthony Tolliver,1610612757,Trail Blazers
201230,Doug Thomas,1610612759,Spurs
201234,Trey Johnson,1610612758,Kings
201235,Courtney Sims,1610612737,Hawks
201238,Mario West,1610612751,Nets
201242,Thomas Gardner,1610612763,Grizzlies
201266,Brian Hamilton,1610612765,Pistons
201274,Ivan Johnson,1610612742,Mavericks
201281,Andre Ingram,1610612747,Lakers
201286,Eric Dawson,1610612762,Jazz
201291,Carldell Johnson,1610612737,Hawks
201336,Blake Ahearn,1610612754,Pacers
201351,Ron Howard,1610612754,Pacers
201446,Mike Taylor,1610612763,Grizzlies
201563,Michael Beasley,1610612747,Lakers
201564,O.J. Mayo,1610612749,Bucks
201565,Derrick Rose,1610612765,Pistons
201566,Russell Westbrook,1610612745,Rockets
201567,Kevin Love,1610612739,Cavaliers
201568,Danilo Gallinari,1610612760,Thunder
201569,Eric Gordon,1610612745,Rockets
201570,Joe Alexander,1610612740,Pelicans
201571,D.J. Augustin,1610612753,Magic
201572,Brook Lopez,1610612749,Bucks
201573,Jerryd Bayless,1610612750,Timberwolves
201574,Jason Thompson,1610612761,Raptors
201575,Brandon Rush,1610612749,Bucks
201576,Anthony Randolph,1610612743,Nuggets
201577,Robin Lopez,1610612749,Bucks
201578,Marreese Speights,1610612753,Magic
201579,Roy Hibbert,1610612743,Nuggets
201580,JaVale McGee,1610612747,Lakers
201581,JJ Hickson,1610612764,Wizards
201582,Alexis Ajinca,1610612740,Pelicans
201583,Ryan Anderson,1610612745,Rockets
201584,Courtney Lee,1610612742,Mavericks
201585,Kosta Koufos,1610612758,Kings
201586,Serge Ibaka,1610612761,Raptors
201587,Nicolas Batum,1610612766,Hornets
201588,George Hill,1610612749,Bucks
201589,Darrell Arthur,1610612756,Suns
201590,Donte Greene,1610612763,Grizzlies
201591,DJ White,1610612766,Hornets
201592,J.R. Giddens,1610612752,Knicks
201593,Nikola Pekovic,1610612750,Timberwolves
201594,Walter Sharpe,1610612763,Grizzlies
201595,Joey Dorsey,1610612745,Rockets
201596,Mario Chalmers,1610612763,Grizzlies
201599,DeAndre Jordan,1610612751,Nets
201600,Omer Asik,1610612741,Bulls
201601,Luc Mbah a Moute,1610612746,Clippers
201602,Kyle Weaver,1610612763,Grizzlies
201603,Sonny Weems,1610612755,76ers
201604,Chris Douglas-Roberts,1610612740,Pelicans
201605,Nathan Jawai,1610612750,Timberwolves
201606,Sean Singletary,1610612755,76ers
201607,Patrick Ewing,1610612740,Pelicans
201609,Goran Dragic,1610612748,Heat
201610,Trent Plaisted,1610612746,Clippers
201611,Henry Walker,1610612748,Heat
201612,Malik Hairston,1610612759,Spurs
201616,Darnell Jackson,1610612762,Jazz
201619,Sasha Kaun,1610612739,Cavaliers
201620,James Gist,1610612759,Spurs
201621,Joe Crawford,1610612758,Kings
201622,Deron Washington,1610612765,Pistons
201623,Semih Erden,1610612739,Cavaliers
201627,Anthony Morrow,1610612757,Trail Blazers
201628,Bobby Brown,1610612745,Rockets
201629,Othello Hunter,1610612737,Hawks
201632,Hamed Haddadi,1610612756,Suns
201633,Rob Kurz,1610612738,Celtics
201635,Brandon Heath,1610612758,Kings
201645,Tre Kelley,1610612748,Heat
201647,Marcus Hubbard,1610612746,Clippers
201648,Frank Robinson,1610612737,Hawks
201649,Vernon Hamilton,1610612765,Pistons
201651,James Mays,1610612751,Nets
201776,David Monds,1610612747,Lakers
201781,Russell Robinson,1610612739,Cavaliers
201785,Othyus Jeffers,1610612750,Timberwolves
201792,Moses Ehambe,1610612740,Pelicans
201802,Oliver Lafayette,1610612738,Celtics
201805,Chris Hunter,1610612744,Warriors
201814,Gary Forbes,1610612751,Nets
201821,Trey Gilder,1610612762,Jazz
201831,Lanny Smith,1610612758,Kings
201834,Bennet Davis,1610612751,Nets
201848,Longar Longar,1610612760,Thunder
201858,Cartier Martin,1610612765,Pistons
201880,Greg Stiemsma,1610612757,Trail Blazers
201933,Blake Griffin,1610612765,Pistons
201934,Hasheem Thabeet,1610612765,Pistons
201935,James Harden,1610612745,Rockets
201936,Tyreke Evans,1610612754,Pacers
201937,Ricky Rubio,1610612756,Suns
201938,Jonny Flynn,1610612765,Pistons
201939,Stephen Curry,1610612744,Warriors
201941,Jordan Hill,1610612750,Timberwolves
201942,DeMar DeRozan,1610612759,Spurs
201943,Brandon Jennings,1610612749,Bucks
201944,Terrence Williams,1610612738,Celtics
201945,Gerald Henderson,1610612755,76ers
201946,Tyler Hansbrough,1610612766,Hornets
201947,Earl Clark,1610612751,Nets
201948,Austin Daye,1610612739,Cavaliers
201949,James Johnson,1610612748,Heat
201950,Jrue Holiday,1610612740,Pelicans
201951,Ty Lawson,1610612764,Wizards
201952,Jeff Teague,1610612750,Timberwolves
201953,Eric Maynor,1610612755,76ers
201954,Darren Collison,1610612754,Pacers
201956,Omri Casspi,1610612763,Grizzlies
201957,Byron Mullens,1610612755,76ers
201958,Rodrigue Beaubois,1610612742,Mavericks
201959,Taj Gibson,1610612752,Knicks
201960,DeMarre Carroll,1610612759,Spurs
201961,Wayne Ellington,1610612752,Knicks
201962,Toney Douglas,1610612763,Grizzlies
201963,Christian Eyenga,1610612747,Lakers
201964,Victor Claver,1610612757,Trail Blazers
201965,Jeff Ayres,1610612746,Clippers
201966,Jermaine Taylor,1610612739,Cavaliers
201967,Dante Cunningham,1610612759,Spurs
201969,DaJuan Summers,1610612752,Knicks
201970,Sam Young,1610612754,Pacers
201971,DeJuan Blair,1610612764,Wizards
201972,Jon Brockman,1610612749,Bucks
201973,Jonas Jerebko,1610612744,Warriors
201974,Derrick Brown,1610612759,Spurs
201975,Jodie Meeks,1610612761,Raptors
201976,Patrick Beverley,1610612746,Clippers
201977,Marcus Thornton,1610612764,Wizards
201978,Chase Budinger,1610612751,Nets
201979,Nick Calathes,1610612763,Grizzlies
201980,Danny Green,1610612747,Lakers
201981,Taylor Griffin,1610612766,Hornets
201983,Goran Suton,1610612762,Jazz
201985,AJ Price,1610612756,Suns
201986,Nando De Colo,1610612761,Raptors
201988,Patty Mills,1610612759,Spurs
201991,Lester Hudson,1610612746,Clippers
201993,Robert Dozier,1610612748,Heat
201998,Curtis Jerrells,1610612740,Pelicans
201999,Warren Carter,1610612752,Knicks
202065,Shaun Pruitt,1610612744,Warriors
202066,Garrett Temple,1610612751,Nets
202067,Diamon Simpson,1610612745,Rockets
202068,Marcus Landry,1610612749,Bucks
202069,Dontaye Draper,1610612743,Nuggets
202070,Tony Gaffney,1610612763,Grizzlies
202071,Michael Fey,1610612747,Lakers
202074,Raymond Sykes,1610612757,Trail Blazers
202075,Luke Nevill,1610612754,Pacers
202076,Thomas Kelati,1610612747,Lakers
202077,Jerel McNeal,1610612756,Suns
202078,Leon Rodgers,1610612763,Grizzlies
202079,Antonio Anderson,1610612745,Rockets
202081,Garret Siler,1610612756,Suns
202082,Larry Owens,1610612751,Nets
202083,Wesley Matthews,1610612749,Bucks
202087,Alonzo Gee,1610612743,Nuggets
202091,Dionte Christmas,1610612739,Cavaliers
202130,Reggie Williams,1610612740,Pelicans
202132,Cedric Jackson,1610612739,Cavaliers
202148,Mickell Gladness,1610612753,Magic
202175,Darnell Lazare,1610612754,Pacers
202178,Sundiata Gaines,1610612754,Pacers
202197,Shane Edwards,1610612739,Cavaliers
202213,Connor Atchley,1610612758,Kings
202217,Jeremy Wise,1610612748,Heat
202220,Zabian Dowdell,1610612756,Suns
202221,Brian Butch,1610612762,Jazz
202227,Terrel Harris,1610612740,Pelicans
202238,Kenny Hasbrouck,1610612748,Heat
202322,John Wall,1610612764,Wizards
202323,Evan Turner,1610612737,Hawks
202324,Derrick Favors,1610612740,Pelicans
202325,Wesley Johnson,1610612764,Wizards
202326,DeMarcus Cousins,1610612747,Lakers
202327,Ekpe Udoh,1610612762,Jazz
202328,Greg Monroe,1610612755,76ers
202329,Al-Farouq Aminu,1610612753,Magic
202330,Gordon Hayward,1610612738,Celtics
202331,Paul George,1610612746,Clippers
202332,Cole Aldrich,1610612737,Hawks
202333,Xavier Henry,1610612744,Warriors
202334,Ed Davis,1610612762,Jazz
202335,Patrick Patterson,1610612746,Clippers
202336,Larry Sanders,1610612739,Cavaliers
202337,Luke Babbitt,1610612748,Heat
202338,Kevin Seraphin,1610612754,Pacers
202339,Eric Bledsoe,1610612749,Bucks
202340,Avery Bradley,1610612747,Lakers
202341,James Anderson,1610612758,Kings
202342,Craig Brackins,1610612755,76ers
202343,Elliot Williams,1610612744,Warriors
202344,Trevor Booker,1610612754,Pacers
202345,Damion James,1610612764,Wizards
202346,Dominique Jones,1610612742,Mavericks
202347,Quincy Pondexter,1610612759,Spurs
202348,Jordan Crawford,1610612740,Pelicans
202349,Greivis Vasquez,1610612751,Nets
202350,Daniel Orton,1610612764,Wizards
202351,Lazar Hayward,1610612740,Pelicans
202353,Tibor Pleiss,1610612762,Jazz
202354,Dexter Pittman,1610612737,Hawks
202355,Hassan Whiteside,1610612757,Trail Blazers
202356,Armon Johnson,1610612753,Magic
202357,Nemanja Bjelica,1610612758,Kings
202358,Terrico White,1610612756,Suns
202359,Darington Hobson,1610612749,Bucks
202360,Andy Rautins,1610612761,Raptors
202361,Landry Fields,1610612761,Raptors
202362,Lance Stephenson,1610612747,Lakers
202363,Jarvis Varnado,1610612755,76ers
202365,Devin Ebanks,1610612742,Mavericks
202366,Jerome Jordan,1610612740,Pelicans
202371,Gani Lawal,1610612755,76ers
202374,Solomon Alabi,1610612740,Pelicans
202375,Magnum Rolle,1610612737,Hawks
202376,Luke Harangody,1610612739,Cavaliers
202377,Pape Sy,1610612737,Hawks
202378,Willie Warren,1610612746,Clippers
202379,Jeremy Evans,1610612737,Hawks
202380,Hamady Ndiaye,1610612758,Kings
202382,Derrick Caracter,1610612747,Lakers
202383,Stanley Robinson,1610612753,Magic
202385,Ryan Reid,1610612760,Thunder
202386,Ben Uzoh,1610612743,Nuggets
202388,Donald Sloan,1610612743,Nuggets
202389,Timofey Mozgov,1610612753,Magic
202390,Gary Neal,1610612737,Hawks
202391,Jeremy Lin,1610612761,Raptors
202392,Marqus Blakely,1610612746,Clippers
202393,Vernon Goodridge,1610612744,Warriors
202394,Matt Janning,1610612743,Nuggets
202395,Sherron Collins,1610612766,Hornets
202396,Samardo Samuels,1610612739,Cavaliers
202397,Ish Smith,1610612764,Wizards
202399,Jeff Adrien,1610612740,Pelicans
202400,Anthony Mason,1610612748,Heat
202402,Kevin Palmer,1610612764,Wizards
202404,Drew Naymick,1610612747,Lakers
202406,Jerome Dyson,1610612740,Pelicans
202407,Elijah Millsap,1610612756,Suns
202408,Marcus Cousin,1610612759,Spurs
202409,Ricardo Marsh,1610612737,Hawks
202410,Evan Brock,1610612737,Hawks
202411,Richard Delk,1610612737,Hawks
202412,Manny Harris,1610612742,Mavericks
202416,Jon Scheyer,1610612746,Clippers
202417,Stephen Dennis,1610612751,Nets
202418,Matt Rogers,1610612754,Pacers
202420,Eric Boateng,1610612747,Lakers
202421,Ryan Thompson,1610612762,Jazz
202423,Chris Kramer,1610612749,Bucks
202446,Jamar Smith,1610612738,Celtics
202458,Justin Dentmon,1610612742,Mavericks
202464,Devin Sweetney,1610612743,Nuggets
202498,Lance Thomas,1610612751,Nets
202513,Stefhon Hannah,1610612741,Bulls
202518,Kammron Taylor,1610612738,Celtics
202536,Jerry Smith,1610612751,Nets
202545,Luke Zeller,1610612756,Suns
202550,Josh Bostic,1610612765,Pistons
202586,DeShawn Sims,1610612738,Celtics
202620,Arinze Onuaku,1610612753,Magic
202622,Courtney Fortson,1610612745,Rockets
202681,Kyrie Irving,1610612751,Nets
202682,Derrick Williams,1610612747,Lakers
202683,Enes Kanter,1610612738,Celtics
202684,Tristan Thompson,1610612739,Cavaliers
202685,Jonas Valanciunas,1610612763,Grizzlies
202686,Jan Vesely,1610612743,Nuggets
202687,Bismack Biyombo,1610612766,Hornets
202688,Brandon Knight,1610612739,Cavaliers
202689,Kemba Walker,1610612738,Celtics
202690,Jimmer Fredette,1610612756,Suns
202691,Klay Thompson,1610612744,Warriors
202692,Alec Burks,1610612744,Warriors
202693,Markieff Morris,1610612765,Pistons
202694,Marcus Morris Sr.,1610612752,Knicks
202695,Kawhi Leonard,1610612746,Clippers
202696,Nikola Vucevic,1610612753,Magic
202697,Iman Shumpert,1610612751,Nets
202698,Chris Singleton,1610612754,Pacers
202699,Tobias Harris,1610612755,76ers
202700,Donatas Motiejunas,1610612759,Spurs
202701,Nolan Smith,1610612757,Trail Blazers
202702,Kenneth Faried,1610612745,Rockets
202703,Nikola Mirotic,1610612749,Bucks
202704,Reggie Jackson,1610612765,Pistons
202705,MarShon Brooks,1610612763,Grizzlies
202706,Jordan Hamilton,1610612740,Pelicans
202707,JaJuan Johnson,1610612745,Rockets
202708,Norris Cole,1610612760,Thunder
202709,Cory Joseph,1610612758,Kings
202710,Jimmy Butler,1610612748,Heat
202711,Bojan Bogdanovic,1610612762,Jazz
202712,Justin Harper,1610612755,76ers
202713,Kyle Singler,1610612760,Thunder
202714,Shelvin Mack,1610612766,Hornets
202715,Tyler Honeycutt,1610612758,Kings
202716,Jordan Williams,1610612751,Nets
202717,Trey Thompkins,1610612746,Clippers
202718,Chandler Parsons,1610612737,Hawks
202719,Jeremy Tyler,1610612745,Rockets
202720,Jon Leuer,1610612765,Pistons
202721,Darius Morris,1610612740,Pelicans
202722,Davis Bertans,1610612764,Wizards
202723,Malcolm Lee,1610612755,76ers
202724,Charles Jenkins,1610612755,76ers
202725,Josh Harrellson,1610612764,Wizards
202726,Andrew Goudelock,1610612745,Rockets
202727,Travis Leslie,1610612762,Jazz
202728,Keith Benson,1610612748,Heat
202729,Josh Selby,1610612763,Grizzlies
202730,Lavoy Allen,1610612764,Wizards
202731,Vernon Macklin,1610612740,Pelicans
202732,DeAndre Liggins,1610612748,Heat
202734,E'Twaun Moore,1610612740,Pelicans
202738,Isaiah Thomas,1610612764,Wizards
202775,Edwin Ubiles,1610612764,Wizards
202779,Dwight Buycks,1610612765,Pistons
202792,Tyren Johnson,1610612754,Pacers
202797,Lawrence Hill,1610612758,Kings
202808,Chris Daniels,1610612751,Nets
202809,Cory Higgins,1610612766,Hornets
202810,D.J. Kennedy,1610612743,Nuggets
202814,Mychel Thompson,1610612752,Knicks
202815,Jake Anderson,1610612741,Bulls
202820,Jarrid Famous,1610612742,Mavericks
202841,Cameron Jones,1610612744,Warriors
202862,Dennis Horner,1610612751,Nets
202872,Durrell Summers,1610612766,Hornets
202874,Chris Wright,1610612760,Thunder
202880,Jeff Foote,1610612740,Pelicans
202904,Gilbert Brown,1610612738,Celtics
202912,Frank Hassell,1610612759,Spurs
202918,Xavier Silas,1610612743,Nuggets
202933,Julyan Stone,1610612766,Hornets
202935,Adrian Oliver,1610612758,Kings
202951,Jeremy Pargo,1610612755,76ers
202952,Malcolm Thomas,1610612755,76ers
202954,Brad Wanamaker,1610612738,Celtics
202956,Gary Flowers,1610612744,Warriors
202957,Drew Neitzel,1610612742,Mavericks
202959,Tommy Mitchell,1610612744,Warriors
202961,Julian Khazzouh,1610612744,Warriors
202962,Greg Smith,1610612750,Timberwolves
202963,Jerome Randle,1610612742,Mavericks
202970,Gustavo Ayon,1610612737,Hawks
203006,Josh Akognon,1610612742,Mavericks
203076,Anthony Davis,1610612747,Lakers
203077,Michael Kidd-Gilchrist,1610612766,Hornets
203078,Bradley Beal,1610612764,Wizards
203079,Dion Waiters,1610612748,Heat
203080,Thomas Robinson,1610612737,Hawks
203081,Damian Lillard,1610612757,Trail Blazers
203082,Terrence Ross,1610612753,Magic
203083,Andre Drummond,1610612765,Pistons
203084,Harrison Barnes,1610612758,Kings
203085,Austin Rivers,1610612745,Rockets
203086,Meyers Leonard,1610612748,Heat
203087,Jeremy Lamb,1610612754,Pacers
203088,Kendall Marshall,1610612749,Bucks
203089,John Henson,1610612739,Cavaliers
203090,Maurice Harkless,1610612746,Clippers
203091,Royce White,1610612758,Kings
203092,Tyler Zeller,1610612743,Nuggets
203093,Terrence Jones,1610612745,Rockets
203094,Andrew Nicholson,1610612751,Nets
203095,Evan Fournier,1610612753,Magic
203096,Jared Sullinger,1610612761,Raptors
203097,Fab Melo,1610612742,Mavericks
203098,John Jenkins,1610612752,Knicks
203099,Jared Cunningham,1610612749,Bucks
203100,Tony Wroten,1610612763,Grizzlies
203101,Miles Plumlee,1610612763,Grizzlies
203102,Arnett Moultrie,1610612755,76ers
203103,Perry Jones III,1610612740,Pelicans
203104,Marquis Teague,1610612763,Grizzlies
203105,Festus Ezeli,1610612757,Trail Blazers
203106,Jeffery Taylor,1610612766,Hornets
203107,Tomas Satoransky,1610612741,Bulls
203108,Bernard James,1610612742,Mavericks
203109,Jae Crowder,1610612763,Grizzlies
203110,Draymond Green,1610612744,Warriors
203111,Orlando Johnson,1610612749,Bucks
203112,Quincy Acy,1610612756,Suns
203113,Quincy Miller,1610612751,Nets
203114,Khris Middleton,1610612749,Bucks
203115,Will Barton,1610612743,Nuggets
203116,Tyshawn Taylor,1610612751,Nets
203117,Doron Lamb,1610612742,Mavericks
203118,Mike Scott,1610612755,76ers
203119,Kim English,1610612741,Bulls
203120,Justin Hamilton,1610612751,Nets
203121,Darius Miller,1610612740,Pelicans
203122,Kevin Murphy,1610612753,Magic
203123,Kostas Papanikolaou,1610612743,Nuggets
203124,Kyle O'Quinn,1610612755,76ers
203126,Kris Joseph,1610612753,Magic
203128,Furkan Aldemir,1610612755,76ers
203129,Tornike Shengelia,1610612741,Bulls
203130,Darius Johnson-Odom,1610612750,Timberwolves
203133,Robbie Hummel,1610612743,Nuggets
203135,Robert Sacre,1610612740,Pelicans
203136,Ognjen Kuzmic,1610612744,Warriors
203138,Hollis Thompson,1610612758,Kings
203139,Viacheslav Kravtsov,1610612756,Suns
203141,Mirza Teletovic,1610612749,Bucks
203142,Chris Copeland,1610612740,Pelicans
203143,Pablo Prigioni,1610612745,Rockets
203144,Alexey Shved,1610612752,Knicks
203145,Kent Bazemore,1610612757,Trail Blazers
203146,Maalik Wayns,1610612742,Mavericks
203147,Chris Smith,1610612752,Knicks
203148,Brian Roberts,1610612766,Hornets
203149,Micheal Eric,1610612749,Bucks
203153,Reeves Nelson,1610612747,Lakers
203154,Greg Somogyi,1610612747,Lakers
203155,Oscar Bellfield,1610612752,Knicks
203156,Henry Sims,1610612762,Jazz
203157,John Shurna,1610612752,Knicks
203158,Kevin Jones,1610612740,Pelicans
203159,Scott Machado,1610612747,Lakers
203160,Steven Gray,1610612764,Wizards
203162,Ben Hansbrough,1610612741,Bulls
203163,Carleton Scott,1610612751,Nets
203164,Lance Goulbourne,1610612744,Warriors
203174,Tyler Wilkerson,1610612759,Spurs
203176,Kyle Fogg,1610612743,Nuggets
203178,Wesley Witherspoon,1610612759,Spurs
203180,Hank Thorns,1610612746,Clippers
203183,Tony Mitchell,1610612748,Heat
203185,Carlon Brown,1610612744,Warriors
203186,Willie Reed,1610612765,Pistons
203187,Chris Johnson,1610612745,Rockets
203190,Micah Downs,1610612738,Celtics
203192,Demonte Harper,1610612757,Trail Blazers
203193,Dallas Lauderdale,1610612766,Hornets
203195,Michael Dunigan,1610612763,Grizzlies
203196,Ronnie Aguilar,1610612747,Lakers
203197,Diante Garrett,1610612757,Trail Blazers
203198,Kevin Anderson,1610612739,Cavaliers
203199,DeQuan Jones,1610612754,Pacers
203200,Justin Holiday,1610612754,Pacers
203201,Mustapha Farrakhan,1610612746,Clippers
203204,Devin Searcy,1610612755,76ers
203206,Ryan Allen,1610612741,Bulls
203210,JaMychal Green,1610612746,Clippers
203262,Mac Koshwal,1610612755,76ers
203263,James Nunnally,1610612745,Rockets
203268,Jorge Gutierrez,1610612751,Nets
203315,Toure' Murry,1610612750,Timberwolves
203317,Tim Ohlbrecht,1610612745,Rockets
203318,Glen Rice,1610612764,Wizards
203327,Daniel Nwaelele,1610612759,Spurs
203382,Aron Baynes,1610612756,Suns
203457,Nerlens Noel,1610612760,Thunder
203458,Alex Len,1610612737,Hawks
203459,Allen Crabbe,1610612737,Hawks
203460,Andre Roberson,1610612760,Thunder
203461,Anthony Bennett,1610612745,Rockets
203462,Archie Goodwin,1610612757,Trail Blazers
203463,Ben McLemore,1610612745,Rockets
203464,Brandon Paul,1610612759,Spurs
203466,CJ Leslie,1610612752,Knicks
203467,Carrick Felix,1610612764,Wizards
203468,CJ McCollum,1610612757,Trail Blazers
203469,Cody Zeller,1610612766,Hornets
203471,Dennis Schroder,1610612760,Thunder
203472,Deshaun Thomas,1610612759,Spurs
203473,Dewayne Dedmon,1610612758,Kings
203474,DJ Stephens,1610612763,Grizzlies
203475,Erick Green,1610612762,Jazz
203476,Gorgui Dieng,1610612750,Timberwolves
203477,Isaiah Canaan,1610612749,Bucks
203479,Jamaal Franklin,1610612743,Nuggets
203480,James Southerland,1610612757,Trail Blazers
203481,Jeff Withey,1610612742,Mavericks
203482,Kelly Olynyk,1610612748,Heat
203483,Kenny Kadji,1610612739,Cavaliers
203484,Kentavious Caldwell-Pope,1610612747,Lakers
203485,Lorenzo Brown,1610612761,Raptors
203486,Mason Plumlee,1610612743,Nuggets
203487,Michael Carter-Williams,1610612753,Magic
203488,Mike Muscala,1610612760,Thunder
203489,Nate Wolters,1610612762,Jazz
203490,Otto Porter Jr.,1610612741,Bulls
203491,Peyton Siva,1610612753,Magic
203492,Ray McCallum,1610612766,Hornets
203493,Reggie Bullock,1610612752,Knicks
203494,Richard Howell,1610612757,Trail Blazers
203495,Ricky Ledo,1610612752,Knicks
203496,Robert Covington,1610612750,Timberwolves
203497,Rudy Gobert,1610612762,Jazz
203498,Shabazz Muhammad,1610612749,Bucks
203499,Shane Larkin,1610612738,Celtics
203500,Steven Adams,1610612760,Thunder
203501,Tim Hardaway Jr.,1610612742,Mavericks
203503,Tony Snell,1610612765,Pistons
203504,Trey Burke,1610612755,76ers
203505,Vander Blue,1610612747,Lakers
203506,Victor Oladipo,1610612754,Pacers
203507,Giannis Antetokounmpo,1610612749,Bucks
203508,Sergey Karasev,1610612751,Nets
203509,Myck Kabongo,1610612759,Spurs
203510,Pierre Jackson,1610612742,Mavericks
203511,Grant Jerrett,1610612757,Trail Blazers
203512,Lucas Nogueira,1610612761,Raptors
203513,Erik Murphy,1610612738,Celtics
203515,Phil Pressey,1610612744,Warriors
203516,James Ennis III,1610612755,76ers
203517,Nemanja Nedovic,1610612744,Warriors
203518,Alex Abrines,1610612760,Thunder
203519,Adonis Thomas,1610612765,Pistons
203520,Livio Jean-Charles,1610612759,Spurs
203521,Matthew Dellavedova,1610612739,Cavaliers
203524,Solomon Hill,1610612763,Grizzlies
203526,Raul Neto,1610612755,76ers
203527,Ryan Kelly,1610612737,Hawks
203528,Romero Osby,1610612753,Magic
203529,Arsalan Kazemi,1610612745,Rockets
203530,Joffrey Lauvergne,1610612759,Spurs
203539,Gal Mekel,1610612740,Pelicans
203540,Gigi Datome,1610612738,Celtics
203543,Vitor Faverani,1610612738,Celtics
203544,Pero Antic,1610612737,Hawks
203545,Miroslav Raduljica,1610612750,Timberwolves
203546,Ian Clark,1610612740,Pelicans
203547,Eric Griffin,1610612762,Jazz
203548,Elias Harris,1610612747,Lakers
203551,Dee Bost,1610612762,Jazz
203552,Seth Curry,1610612742,Mavericks
203556,Trent Lockett,1610612758,Kings
203558,David Lighty,1610612737,Hawks
203560,E.J. Singler,1610612761,Raptors
203561,Brandon Davies,1610612751,Nets
203564,Kalin Lucas,1610612765,Pistons
203565,Patrick Christopher,1610612762,Jazz
203566,Mickey McConnell,1610612742,Mavericks
203568,Damen Bell-Holter,1610612738,Celtics
203569,Chris Babb,1610612744,Warriors
203576,Rodney Williams,1610612755,76ers
203577,Carlos Morais,1610612761,Raptors
203579,Khalif Wyatt,1610612755,76ers
203580,Larry Drew II,1610612740,Pelicans
203583,Abdul Gaddy,1610612760,Thunder
203584,Troy Daniels,1610612747,Lakers
203585,Rodney McGruder,1610612746,Clippers
203586,Charlie Westbrook,1610612749,Bucks
203587,Courtney Fells,1610612759,Spurs
203588,Michael Lee,1610612739,Cavaliers
203589,Olek Czyz,1610612749,Bucks
203590,Trey McKinney-Jones,1610612754,Pacers
203613,Jonathon Simmons,1610612755,76ers
203629,Garlon Green,1610612740,Pelicans
203648,Thanasis Antetokounmpo,1610612749,Bucks
203658,Norvel Pelle,1610612755,76ers
203687,Reggie Hearn,1610612747,Lakers
203705,Josh Magette,1610612753,Magic
203710,C.J. Williams,1610612751,Nets
203798,PJ Hairston,1610612745,Rockets
203805,Will Cherry,1610612744,Warriors
203810,Casper Ware,1610612764,Wizards
203816,Scotty Hopson,1610612760,Thunder
203893,Russ Smith,1610612763,Grizzlies
203894,Shabazz Napier,1610612750,Timberwolves
203895,Jordan McRae,1610612764,Wizards
203897,Zach LaVine,1610612741,Bulls
203898,Tyler Ennis,1610612747,Lakers
203900,Markel Brown,1610612745,Rockets
203901,Elfrid Payton,1610612752,Knicks
203902,Semaj Christon,1610612760,Thunder
203903,Jordan Clarkson,1610612739,Cavaliers
203905,Aaron Craft,1610612744,Warriors
203906,Devyn Marble,1610612744,Warriors
203909,KJ McDaniels,1610612760,Thunder
203910,Nick Johnson,1610612759,Spurs
203912,C.J. Wilcox,1610612754,Pacers
203913,Jabari Brown,1610612747,Lakers
203914,Gary Harris,1610612743,Nuggets
203915,Spencer Dinwiddie,1610612751,Nets
203917,Nik Stauskas,1610612739,Cavaliers
203918,Rodney Hood,1610612757,Trail Blazers
203919,Jordan Adams,1610612763,Grizzlies
203920,Khem Birch,1610612753,Magic
203921,Cleanthony Early,1610612752,Knicks
203922,Glenn Robinson III,1610612744,Warriors
203923,James Young,1610612755,76ers
203924,Jerami Grant,1610612743,Nuggets
203925,Joe Harris,1610612751,Nets
203926,Doug McDermott,1610612754,Pacers
203927,CJ Fair,1610612754,Pacers
203928,Cory Jefferson,1610612739,Cavaliers
203929,Melvin Ejim,1610612753,Magic
203930,Sean Kilpatrick,1610612741,Bulls
203932,Aaron Gordon,1610612753,Magic
203933,T.J. Warren,1610612754,Pacers
203934,Lamar Patterson,1610612737,Hawks
203935,Marcus Smart,1610612738,Celtics
203937,Kyle Anderson,1610612763,Grizzlies
203939,Dwight Powell,1610612742,Mavericks
203940,Adreian Payne,1610612753,Magic
203942,Patric Young,1610612740,Pelicans
203943,Noah Vonleh,1610612750,Timberwolves
203944,Julius Randle,1610612752,Knicks
203945,Alex Kirk,1610612739,Cavaliers
203946,Cameron Bairstow,1610612741,Bulls
203947,Jordan Bachynski,1610612765,Pistons
203948,Johnny O'Bryant III,1610612766,Hornets
203949,James Michael McAdoo,1610612755,76ers
203950,Jarnell Stokes,1610612748,Heat
203951,Keith Appling,1610612753,Magic
203952,Andrew Wiggins,1610612750,Timberwolves
203953,Jabari Parker,1610612737,Hawks
203954,Joel Embiid,1610612755,76ers
203955,Bryce Cotton,1610612763,Grizzlies
203956,Mitch McGary,1610612760,Thunder
203957,Dante Exum,1610612762,Jazz
203958,Andre Dawkins,1610612738,Celtics
203959,Scottie Wilbekin,1610612755,76ers
203960,JaKarr Sampson,1610612754,Pacers
203961,Eric Moreland,1610612760,Thunder
203962,Josh Huestis,1610612759,Spurs
203963,Shayne Whittington,1610612754,Pacers
203964,Roscoe Smith,1610612747,Lakers
203965,Justin Cobbs,1610612766,Hornets
203966,Jamil Wilson,1610612746,Clippers
203967,Dario Saric,1610612756,Suns
203968,Jerrelle Benimon,1610612762,Jazz
203990,Drew Crawford,1610612761,Raptors
203991,Clint Capela,1610612745,Rockets
203992,Bogdan Bogdanovic,1610612758,Kings
203994,Jusuf Nurkic,1610612757,Trail Blazers
203996,Damien Inglis,1610612752,Knicks
203998,Bruno Caboclo,1610612763,Grizzlies
203999,Nikola Jokic,1610612743,Nuggets
204001,Kristaps Porzingis,1610612742,Mavericks
204002,Edy Tavares,1610612739,Cavaliers
204014,Damjan Rudez,1610612753,Magic
204020,Tyler Johnson,1610612756,Suns
204021,Sim Bhullar,1610612758,Kings
204022,Jack Cooley,1610612758,Kings
204024,Christian Watford,1610612738,Celtics
204025,Tim Frazier,1610612765,Pistons
204026,Brock Motum,1610612762,Jazz
204027,Josh Davis,1610612759,Spurs
204028,Tarik Black,1610612745,Rockets
204029,Brady Heslip,1610612761,Raptors
204030,Mitchell Watt,1610612744,Warriors
204033,David Wear,1610612758,Kings
204034,Luke Hancock,1610612763,Grizzlies
204037,Travis Wear,1610612747,Lakers
204038,Langston Galloway,1610612765,Pistons
204039,Chris Crawford,1610612763,Grizzlies
204040,Ronald Roberts Jr.,1610612761,Raptors
204041,Brian Qvale,1610612766,Hornets
204044,Orlando Sanchez,1610612752,Knicks
204053,Shawn Jones,1610612748,Heat
204054,Zoran Dragic,1610612748,Heat
204060,Joe Ingles,1610612762,Jazz
204061,Joe Jackson,1610612756,Suns
204062,Casey Prather,1610612756,Suns
204063,Kadeem Batts,1610612753,Magic
204064,Akil Mitchell,1610612751,Nets
204065,David Stockton,1610612747,Lakers
204066,John Holland,1610612739,Cavaliers
204067,Jarell Eddie,1610612741,Bulls
204071,Stephen Holt,1610612739,Cavaliers
204075,Talib Zanna,1610612760,Thunder
204076,Richard Solomon,1610612760,Thunder
204077,Michael Jenkins,1610612760,Thunder
204078,Yuki Togashi,1610612742,Mavericks
204079,Drew Gordon,1610612755,76ers
204080,Geron Johnson,1610612745,Rockets
204098,Xavier Munford,1610612749,Bucks
204136,Marcus Simmons,1610612741,Bulls
204179,Omari Johnson,1610612754,Pacers
204189,Jaron Johnson,1610612764,Wizards
204192,Raphiael Putney,1610612748,Heat
204215,Bubu Palo,1610612748,Heat
204222,Greg Whittington,1610612748,Heat
204289,Nick Wiggins,1610612750,Timberwolves
204310,Davion Berry,1610612761,Raptors
204456,T.J. McConnell,1610612754,Pacers
1626143,Jahlil Okafor,1610612740,Pelicans
1626144,Emmanuel Mudiay,1610612762,Jazz
1626145,Tyus Jones,1610612763,Grizzlies
1626146,Cliff Alexander,1610612740,Pelicans
1626147,Justin Anderson,1610612764,Wizards
1626148,Anthony Brown,1610612755,76ers
1626149,Montrezl Harrell,1610612746,Clippers
1626150,Andrew Harrison,1610612744,Warriors
1626151,Aaron Harrison,1610612742,Mavericks
1626153,Delon Wright,1610612742,Mavericks
1626154,RJ Hunter,1610612738,Celtics
1626155,Sam Dekker,1610612764,Wizards
1626156,D'Angelo Russell,1610612744,Warriors
1626157,Karl-Anthony Towns,1610612750,Timberwolves
1626158,Richaun Holmes,1610612758,Kings
1626159,Justise Winslow,1610612748,Heat
1626160,JP Tokoto,1610612752,Knicks
1626161,Willie Cauley-Stein,1610612744,Warriors
1626162,Kelly Oubre Jr.,1610612756,Suns
1626163,Frank Kaminsky,1610612756,Suns
1626164,Devin Booker,1610612756,Suns
1626165,Brandon Ashley,1610612742,Mavericks
1626166,Cameron Payne,1610612761,Raptors
1626167,Myles Turner,1610612754,Pacers
1626168,Trey Lyles,1610612759,Spurs
1626169,Stanley Johnson,1610612761,Raptors
1626170,Jerian Grant,1610612753,Magic
1626171,Bobby Portis,1610612752,Knicks
1626172,Kevon Looney,1610612744,Warriors
1626173,Rashad Vaughn,1610612753,Magic
1626174,Christian Wood,1610612765,Pistons
1626175,Jordan Mickey,1610612748,Heat
1626176,Rakeem Christmas,1610612754,Pacers
1626177,Dakari Johnson,1610612760,Thunder
1626178,Rondae Hollis-Jefferson,1610612761,Raptors
1626179,Terry Rozier,1610612766,Hornets
1626180,Michael Qualls,1610612760,Thunder
1626181,Norman Powell,1610612761,Raptors
1626182,Jonathan Holmes,1610612738,Celtics
1626183,Branden Dawson,1610612753,Magic
1626184,Chasson Randle,1610612764,Wizards
1626185,Jarell Martin,1610612739,Cavaliers
1626186,Corey Hawkins,1610612748,Heat
1626187,Michael Frazier,1610612745,Rockets
1626188,Quinn Cook,1610612747,Lakers
1626189,Terran Petteway,1610612737,Hawks
1626190,Dez Wells,1610612760,Thunder
1626191,Chris McCullough,1610612765,Pistons
1626192,Pat Connaughton,1610612749,Bucks
1626193,Robert Upshaw,1610612747,Lakers
1626195,Willy Hernangomez,1610612766,Hornets
1626196,Josh Richardson,1610612755,76ers
1626199,Darrun Hilliard,1610612759,Spurs
1626201,Wesley Saunders,1610612752,Knicks
1626202,Joe Young,1610612754,Pacers
1626203,Treveon Graham,1610612750,Timberwolves
1626204,Larry Nance Jr.,1610612739,Cavaliers
1626205,Vincent Hunter,1610612763,Grizzlies
1626207,Ryan Boatright,1610612751,Nets
1626208,Keifer Sykes,1610612759,Spurs
1626209,Mario Hezonja,1610612757,Trail Blazers
1626210,Alan Williams,1610612751,Nets
1626213,Yanick Moreira,1610612761,Raptors
1626214,Bryce Dejean-Jones,1610612740,Pelicans
1626217,Chris Walker,1610612745,Rockets
1626219,Juwan Staten,1610612744,Warriors
1626220,Royce O'Neale,1610612762,Jazz
1626224,Cedi Osman,1610612739,Cavaliers
1626242,Luis Montero,1610612765,Pistons
1626245,Cristiano Felicio,1610612741,Bulls
1626246,Boban Marjanovic,1610612742,Mavericks
1626251,Duje Dukan,1610612758,Kings
1626252,Michale Kyser,1610612761,Raptors
1626253,Axel Toupane,1610612740,Pelicans
1626254,Maurice Ndour,1610612752,Knicks
1626257,Salah Mejri,1610612742,Mavericks
1626258,Corey Walden,1610612738,Celtics
1626259,Malcolm Miller,1610612761,Raptors
1626260,Levi Randolph,1610612739,Cavaliers
1626261,Michael Holyfield,1610612763,Grizzlies
1626262,Coty Clarke,1610612738,Celtics
1626263,Shannon Scott,1610612761,Raptors
1626266,JJ O'Brien,1610612749,Bucks
1626269,Denzel Livingston,1610612745,Rockets
1626270,Will Cummings,1610612745,Rockets
1626271,Kyle Casey,1610612756,Suns
1626272,Lazeric Jones,1610612763,Grizzlies
1626273,Marcelo Huertas,1610612747,Lakers
1626275,Travis Trice II,1610612752,Knicks
1626276,Darion Atkins,1610612752,Knicks
1626279,Jason Washburn,1610612766,Hornets
1626280,Sam Thompson,1610612766,Hornets
1626281,Jon Horford,1610612749,Bucks
1626285,Kleon Penn,1610612750,Timberwolves
1626288,Joshua Smith,1610612745,Rockets
1626289,Marshall Henderson,1610612758,Kings
1626290,Corey Webster,1610612740,Pelicans
1626293,Edgar Sosa,1610612737,Hawks
1626294,Jaleel Roberts,1610612749,Bucks
1626295,Nnanna Egwu,1610612753,Magic
1626296,Jordan Sibert,1610612737,Hawks
1626304,Youssou Ndoye,1610612759,Spurs
1626305,Nick Minnerath,1610612739,Cavaliers
1626643,Jacob Pullen,1610612755,76ers
1626780,Jonathan Gibson,1610612738,Celtics
1627098,Malcolm Delaney,1610612737,Hawks
1627215,Walt Lemon Jr.,1610612754,Pacers
1627224,Chris Udofia,1610612744,Warriors
1627258,Sampson Carter,1610612763,Grizzlies
1627292,Kadeem Jack,1610612754,Pacers
1627293,Alex Stepheson,1610612763,Grizzlies
1627322,Bo McCalebb,1610612740,Pelicans
1627362,Briante Weber,1610612748,Heat
1627395,Julian Washburn,1610612763,Grizzlies
1627496,Derek Cooke Jr.,1610612756,Suns
1627732,Ben Simmons,1610612755,76ers
1627733,Dragan Bender,1610612749,Bucks
1627734,Domantas Sabonis,1610612754,Pacers
1627735,Wade Baldwin IV,1610612739,Cavaliers
1627736,Malik Beasley,1610612743,Nuggets
1627737,Marquese Chriss,1610612744,Warriors
1627738,Deyonta Davis,1610612737,Hawks
1627739,Kris Dunn,1610612741,Bulls
1627740,Henry Ellenson,1610612751,Nets
1627741,Buddy Hield,1610612758,Kings
1627742,Brandon Ingram,1610612740,Pelicans
1627743,Demetrius Jackson,1610612747,Lakers
1627744,Brice Johnson,1610612763,Grizzlies
1627745,Damian Jones,1610612737,Hawks
1627746,Skal Labissiere,1610612757,Trail Blazers
1627747,Caris LeVert,1610612751,Nets
1627748,Thon Maker,1610612765,Pistons
1627749,Dejounte Murray,1610612759,Spurs
1627750,Jamal Murray,1610612743,Nuggets
1627751,Jakob Poeltl,1610612759,Spurs
1627752,Taurean Prince,1610612751,Nets
1627753,Zhou Qi,1610612745,Rockets
1627754,Diamond Stone,1610612741,Bulls
1627755,Tyler Ulis,1610612758,Kings
1627756,Denzel Valentine,1610612741,Bulls
1627757,Stephen Zimmerman,1610612747,Lakers
1627758,Ron Baker,1610612764,Wizards
1627759,Jaylen Brown,1610612738,Celtics
1627760,Cat Barber,1610612755,76ers
1627761,DeAndre' Bembry,1610612737,Hawks
1627762,Joel Bolomboy,1610612749,Bucks
1627763,Malcolm Brogdon,1610612754,Pacers
1627765,Elgin Cook,1610612744,Warriors
1627766,Isaiah Cousins,1610612762,Jazz
1627767,Cheick Diallo,1610612756,Suns
1627768,Perry Ellis,1610612766,Hornets
1627770,Kay Felder,1610612761,Raptors
1627771,Michael Gbinije,1610612744,Warriors
1627772,Daniel Hamilton,1610612739,Cavaliers
1627773,AJ Hammons,1610612748,Heat
1627774,Jake Layman,1610612750,Timberwolves
1627775,Patrick McCaw,1610612761,Raptors
1627776,Isaiah Miles,1610612755,76ers
1627777,Georges Niang,1610612762,Jazz
1627778,Chinanu Onuaku,1610612757,Trail Blazers
1627779,Marcus Paige,1610612766,Hornets
1627780,Gary Payton II,1610612764,Wizards
1627781,Malachi Richardson,1610612761,Raptors
1627782,Wayne Selden,1610612741,Bulls
1627783,Pascal Siakam,1610612761,Raptors
1627784,Jarrod Uthoff,1610612763,Grizzlies
1627785,Isaiah Whitehead,1610612751,Nets
1627786,Troy Williams,1610612758,Kings
1627787,Kyle Wiltjer,1610612761,Raptors
1627788,Furkan Korkmaz,1610612755,76ers
1627789,Timothe Luwawu-Cabarrot,1610612751,Nets
1627790,Ante Zizic,1610612739,Cavaliers
1627791,Ben Bentil,1610612742,Mavericks
1627811,Zach Auguste,1610612747,Lakers
1627812,Yogi Ferrell,1610612758,Kings
1627814,Damion Lee,1610612744,Warriors
1627815,Sheldon Mac,1610612764,Wizards
1627816,Alex Poythress,1610612737,Hawks
1627817,Tim Quarterman,1610612745,Rockets
1627818,Kaleb Tarczewski,1610612760,Thunder
1627819,Isaiah Taylor,1610612761,Raptors
1627820,Tyrone Wallace,1610612737,Hawks
1627821,James Webb III,1610612751,Nets
1627823,Juancho Hernangomez,1610612743,Nuggets
1627824,Guerschon Yabusele,1610612738,Celtics
1627825,Rade Zagorac,1610612763,Grizzlies
1627826,Ivica Zubac,1610612746,Clippers
1627827,Dorian Finney-Smith,1610612742,Mavericks
1627829,Julian Jacobs,1610612747,Lakers
1627832,Fred VanVleet,1610612761,Raptors
1627834,Georgios Papagiannis,1610612757,Trail Blazers
1627835,Paul Zipser,1610612741,Bulls
1627836,Gracin Bakumanya,1610612756,Suns
1627841,Stefan Jankovic,1610612748,Heat
1627843,Thomas Walkup,1610612741,Bulls
1627846,Abdel Nader,1610612760,Thunder
1627848,Shawn Long,1610612755,76ers
1627849,Daniel Ochefu,1610612764,Wizards
1627850,Marshall Plumlee,1610612749,Bucks
1627851,Mindaugas Kuzminskas,1610612752,Knicks
1627852,Nicolas Brussino,1610612737,Hawks
1627853,Ryan Arcidiacono,1610612741,Bulls
1627854,Bryn Forbes,1610612759,Spurs
1627855,Okaro White,1610612764,Wizards
1627856,Matt Costello,1610612759,Spurs
1627858,Kyle Collinsworth,1610612762,Jazz
1627861,Mike Tobey,1610612766,Hornets
1627862,Beau Beech,1610612751,Nets
1627863,Danuel House Jr.,1610612745,Rockets
1627865,Egidijus Mockevicius,1610612751,Nets
1627866,Jameel Warney,1610612742,Mavericks
1627867,Keith Hornsby,1610612742,Mavericks
1627868,Patricio Garino,1610612753,Magic
1627873,Shawn Dawson,1610612740,Pelicans
1627875,Marcus Georges-Hunt,1610612738,Celtics
1627878,Nick Zeisloft,1610612754,Pacers
1627879,Nicolas Laprovittola,1610612759,Spurs
1627880,Quincy Ford,1610612740,Pelicans
1627881,Rasheed Sulaimon,1610612766,Hornets
1627882,Andrew Andrews,1610612766,Hornets
1627883,Jalen Jones,1610612764,Wizards
1627884,Derrick Jones Jr.,1610612748,Heat
1627885,Shaquille Harrison,1610612741,Bulls
1627886,D'Vauntes Smith-Rivera,1610612741,Bulls
1627887,Trey Freeman,1610612765,Pistons
1627888,Nikola Jovanovic,1610612765,Pistons
1627902,Jaleel Cousins,1610612742,Mavericks
1627936,Alex Caruso,1610612747,Lakers
1627938,J.J. Avila,1610612741,Bulls
1627954,Scott Wood,1610612744,Warriors
1627982,Josh Gray,1610612740,Pelicans
1627988,Myke Henry,1610612760,Thunder
1628021,David Nwaba,1610612751,Nets
1628035,Alfonzo McKinnie,1610612739,Cavaliers
1628041,Vashil Fernandez,1610612748,Heat
1628070,Jordan Loyd,1610612761,Raptors
1628174,Alex Hamilton,1610612744,Warriors
1628176,LaDontae Henton,1610612746,Clippers
1628241,Devin Williams,1610612738,Celtics
1628249,Mitchell Creek,1610612750,Timberwolves
1628365,Markelle Fultz,1610612753,Magic
1628366,Lonzo Ball,1610612740,Pelicans
1628367,Josh Jackson,1610612763,Grizzlies
1628368,De'Aaron Fox,1610612758,Kings
1628369,Jayson Tatum,1610612738,Celtics
1628370,Malik Monk,1610612766,Hornets
1628371,Jonathan Isaac,1610612753,Magic
1628372,Dennis Smith Jr.,1610612752,Knicks
1628373,Frank Ntilikina,1610612752,Knicks
1628374,Lauri Markkanen,1610612741,Bulls
1628378,Donovan Mitchell,1610612762,Jazz
1628379,Luke Kennard,1610612765,Pistons
1628380,Zach Collins,1610612757,Trail Blazers
1628381,John Collins,1610612737,Hawks
1628382,Justin Jackson,1610612742,Mavericks
1628383,Justin Patton,1610612760,Thunder
1628384,OG Anunoby,1610612761,Raptors
1628385,Harry Giles III,1610612758,Kings
1628386,Jarrett Allen,1610612751,Nets
1628387,Ike Anigbogu,1610612754,Pacers
1628388,TJ Leaf,1610612754,Pacers
1628389,Bam Adebayo,1610612748,Heat
1628390,Terrance Ferguson,1610612760,Thunder
1628391,D.J. Wilson,1610612749,Bucks
1628392,Isaiah Hartenstein,1610612745,Rockets
1628393,Jawun Evans,1610612760,Thunder
1628394,Anzejs Pasecniks,1610612764,Wizards
1628395,Jordan Bell,1610612750,Timberwolves
1628396,Tony Bradley,1610612762,Jazz
1628397,Ivan Rabb,1610612763,Grizzlies
1628398,Kyle Kuzma,1610612747,Lakers
1628399,Tyler Lydon,1610612758,Kings
1628400,Semi Ojeleye,1610612738,Celtics
1628401,Derrick White,1610612759,Spurs
1628402,Frank Jackson,1610612740,Pelicans
1628403,Caleb Swanigan,1610612758,Kings
1628404,Josh Hart,1610612740,Pelicans
1628405,Johnathan Motley,1610612746,Clippers
1628407,Dwayne Bacon,1610612766,Hornets
1628408,PJ Dozier,1610612743,Nuggets
1628409,Alec Peters,1610612756,Suns
1628410,Edmond Sumner,1610612754,Pacers
1628411,Wes Iwundu,1610612753,Magic
1628412,Frank Mason,1610612749,Bucks
1628413,Jonah Bolden,1610612755,76ers
1628414,Sindarius Thornwell,1610612739,Cavaliers
1628415,Dillon Brooks,1610612763,Grizzlies
1628416,Tyler Dorsey,1610612763,Grizzlies
1628417,Jaron Blossomgame,1610612745,Rockets
1628418,Thomas Bryant,1610612764,Wizards
1628419,Cameron Oliver,1610612757,Trail Blazers
1628420,Monte Morris,1610612743,Nuggets
1628421,Devin Robinson,1610612761,Raptors
1628422,Damyean Dotson,1610612752,Knicks
1628424,Kobi Simmons,1610612766,Hornets
1628425,Sterling Brown,1610612749,Bucks
1628427,Vlatko Cancar,1610612743,Nuggets
1628429,Charles Cooke,1610612748,Heat
1628430,Nigel Williams-Goss,1610612762,Jazz
1628431,V.J. Beachem,1610612747,Lakers
1628432,Davon Reed,1610612748,Heat
1628433,L.J. Peak,1610612738,Celtics
1628436,Luke Kornet,1610612741,Bulls
1628437,George de Paula,1610612745,Rockets
1628439,Isaiah Hicks,1610612752,Knicks
1628443,Kadeem Allen,1610612752,Knicks
1628444,Jabari Bird,1610612738,Celtics
1628448,Kavell Bigby-Williams,1610612740,Pelicans
1628449,Chris Boucher,1610612761,Raptors
1628450,Eric Mika,1610612758,Kings
1628451,Jacob Wiley,1610612751,Nets
1628452,Kennedy Meeks,1610612761,Raptors
1628453,Melo Trimble,1610612750,Timberwolves
1628454,Mike Young,1610612764,Wizards
1628455,Mike James,1610612740,Pelicans
1628456,Jeremy Morgan,1610612763,Grizzlies
1628460,Bronson Koenig,1610612741,Bulls
1628462,Milos Teodosic,1610612746,Clippers
1628463,Tyler Cavanaugh,1610612762,Jazz
1628464,Daniel Theis,1610612738,Celtics
1628467,Maxi Kleber,1610612742,Mavericks
1628469,Antonio Blakeney,1610612741,Bulls
1628470,Torrey Craig,1610612743,Nuggets
1628473,Yakuba Ouattara,1610612751,Nets
1628475,Matt Williams Jr.,1610612748,Heat
1628476,Derrick Walton Jr.,1610612746,Clippers
1628477,Landry Nnoko,1610612765,Pistons
1628491,Derek Willis,1610612765,Pistons
1628492,Gian Clavell,1610612742,Mavericks
1628493,Mangok Mathiang,1610612766,Hornets
1628494,T.J. Williams,1610612766,Hornets
1628495,Milton Doyle,1610612741,Bulls
1628496,Jeremy Senglin,1610612751,Nets
1628499,Antonius Cleveland,1610612742,Mavericks
1628500,Ben Moore,1610612754,Pacers
1628502,Nigel Hayes,1610612758,Kings
1628503,Jamel Artis,1610612758,Kings
1628504,Xavier Rathan-Mayes,1610612763,Grizzlies
1628505,Troy Caupain,1610612757,Trail Blazers
1628506,London Perrantes,1610612757,Trail Blazers
1628510,Andrew White III,1610612737,Hawks
1628511,James Blackmon Jr.,1610612755,76ers
1628512,Matt Jones,1610612758,Kings
1628513,Naz Mitrou-Long,1610612754,Pacers
1628514,Peter Jok,1610612756,Suns
1628515,Isaiah Briscoe,1610612753,Magic
1628516,Terry Henderson,1610612766,Hornets
1628517,Luke Petrasek,1610612766,Hornets
1628518,Amile Jefferson,1610612753,Magic
1628528,Ike Iroegbu,1610612746,Clippers
1628535,Jordan Mathews,1610612737,Hawks
1628537,Jaylen Morris,1610612749,Bucks
1628539,Mychal Mulder,1610612748,Heat
1628554,Isaac Hamilton,1610612739,Cavaliers
1628571,Erik McCree,1610612762,Jazz
1628575,Jaylen Johnson,1610612741,Bulls
1628576,Bryce Alford,1610612760,Thunder
1628577,Rashawn Thomas,1610612760,Thunder
1628578,Amida Brimah,1610612754,Pacers
1628579,Taylor Braun,1610612762,Jazz
1628605,Dusty Hannahs,1610612763,Grizzlies
1628610,Cody Demps,1610612758,Kings
1628656,Billy Garrett,1610612752,Knicks
1628677,Durand Scott,1610612763,Grizzlies
1628679,Daniel Dixon,1610612738,Celtics
1628680,Torian Graham,1610612762,Jazz
1628681,Rodney Purvis,1610612748,Heat
1628769,Tahjere McCall,1610612737,Hawks
1628935,Aaron Jackson,1610612745,Rockets
1628959,Rawle Alkins,1610612741,Bulls
1628960,Grayson Allen,1610612763,Grizzlies
1628961,Kostas Antetokounmpo,1610612747,Lakers
1628963,Marvin Bagley III,1610612758,Kings
1628964,Mo Bamba,1610612753,Magic
1628965,Jaylen Barford,1610612766,Hornets
1628966,Keita Bates-Diop,1610612750,Timberwolves
1628967,Tyus Battle,1610612750,Timberwolves
1628968,Brian Bowen II,1610612754,Pacers
1628969,Mikal Bridges,1610612756,Suns
1628970,Miles Bridges,1610612766,Hornets
1628971,Bruce Brown,1610612765,Pistons
1628972,Troy Brown Jr.,1610612764,Wizards
1628973,Jalen Brunson,1610612742,Mavericks
1628975,Jevon Carter,1610612756,Suns
1628976,Wendell Carter Jr.,1610612741,Bulls
1628977,Hamidou Diallo,1610612760,Thunder
1628978,Donte DiVincenzo,1610612749,Bucks
1628979,Trevon Duval,1610612749,Bucks
1628980,Jacob Evans,1610612744,Warriors
1628981,Bruno Fernando,1610612737,Hawks
1628982,Melvin Frazier Jr.,1610612753,Magic
1628983,Shai Gilgeous-Alexander,1610612760,Thunder
1628984,Devonte' Graham,1610612766,Hornets
1628985,Devon Hall,1610612760,Thunder
1628988,Aaron Holiday,1610612754,Pacers
1628989,Kevin Huerter,1610612737,Hawks
1628990,Chandler Hutchison,1610612741,Bulls
1628991,Jaren Jackson Jr.,1610612763,Grizzlies
1628993,Alize Johnson,1610612754,Pacers
1628994,George King,1610612756,Suns
1628995,Kevin Knox II,1610612752,Knicks
1628996,Sagaba Konate,1610612761,Raptors
1628997,Caleb Martin,1610612766,Hornets
1628998,Cody Martin,1610612766,Hornets
1628999,Yante Maten,1610612738,Celtics
1629000,Brandon McCoy,1610612740,Pelicans
1629001,De'Anthony Melton,1610612763,Grizzlies
1629002,Chimezie Metu,1610612759,Spurs
1629003,Shake Milton,1610612755,76ers
1629004,Svi Mykhailiuk,1610612765,Pistons
1629005,Malik Newman,1610612748,Heat
1629006,Josh Okogie,1610612750,Timberwolves
1629008,Michael Porter Jr.,1610612743,Nuggets
1629009,Billy Preston,1610612739,Cavaliers
1629010,Jerome Robinson,1610612746,Clippers
1629011,Mitchell Robinson,1610612752,Knicks
1629012,Collin Sexton,1610612739,Cavaliers
1629013,Landry Shamet,1610612746,Clippers
1629014,Anfernee Simons,1610612757,Trail Blazers
1629015,Zhaire Smith,1610612755,76ers
1629016,Omari Spellman,1610612744,Warriors
1629017,Khyri Thomas,1610612765,Pistons
1629018,Gary Trent Jr.,1610612757,Trail Blazers
1629019,Allonzo Trier,1610612752,Knicks
1629020,Jarred Vanderbilt,1610612743,Nuggets
1629021,Moritz Wagner,1610612764,Wizards
1629022,Lonnie Walker IV,1610612759,Spurs
1629023,P.J. Washington,1610612766,Hornets
1629026,Kenrich Williams,1610612740,Pelicans
1629027,Trae Young,1610612737,Hawks
1629028,Deandre Ayton,1610612756,Suns
1629029,Luka Doncic,1610612742,Mavericks
1629033,Theo Pinson,1610612751,Nets
1629034,Ray Spalding,1610612745,Rockets
1629035,Carsen Edwards,1610612738,Celtics
1629036,Isaac Haas,1610612762,Jazz
1629037,Keenan Evans,1610612765,Pistons
1629044,Shamorie Ponds,1610612761,Raptors
1629045,Bonzie Colson,1610612749,Bucks
1629048,Goga Bitadze,1610612754,Pacers
1629050,Jeffrey Carroll,1610612747,Lakers
1629052,Oshae Brissett,1610612761,Raptors
1629053,Vincent Edwards,1610612745,Rockets
1629055,Donte Grantham,1610612746,Clippers
1629056,Terence Davis,1610612761,Raptors
1629057,Robert Williams III,1610612738,Celtics
1629058,Dzanan Musa,1610612751,Nets
1629059,Elie Okobo,1610612756,Suns
1629060,Rui Hachimura,1610612764,Wizards
1629061,Deng Adel,1610612751,Nets
1629065,Ky Bowman,1610612744,Warriors
1629066,Rodions Kurucs,1610612751,Nets
1629067,Isaac Bonga,1610612764,Wizards
1629070,Matur Maker,1610612745,Rockets
1629076,Tyler Cook,1610612739,Cavaliers
1629078,Doral Moore,1610612763,Grizzlies
1629093,Tyler Davis,1610612760,Thunder
1629094,Marcus Derrickson,1610612737,Hawks
1629097,Terry Larrier,1610612746,Clippers
1629102,Brandon Sampson,1610612741,Bulls
1629103,Kelan Martin,1610612750,Timberwolves
1629109,Gary Clark,1610612745,Rockets
1629116,Angel Delgado,1610612746,Clippers
1629117,Wenyen Gabriel,1610612758,Kings
1629118,Thomas Welsh,1610612766,Hornets
1629121,Jaylen Adams,1610612749,Bucks
1629122,J.P. Macura,1610612739,Cavaliers
1629123,Jared Terrell,1610612750,Timberwolves
1629126,Deonte Burton,1610612760,Thunder
1629129,Trevon Bluiett,1610612762,Jazz
1629130,Duncan Robinson,1610612748,Heat
1629131,Jairus Lyles,1610612762,Jazz
1629132,Braian Angola-Rodas,1610612753,Magic
1629133,Daryl Macon,1610612748,Heat
1629134,Kendrick Nunn,1610612748,Heat
1629136,Elijah Stewart,1610612754,Pacers
1629137,Joel Berry II,1610612747,Lakers
1629139,Yuta Watanabe,1610612763,Grizzlies
1629140,Johnathan Williams,1610612747,Lakers
1629142,Yanyuhang Ding,1610612742,Mavericks
1629145,Isaiah Wilkins,1610612766,Hornets
1629146,Zach Smith,1610612766,Hornets
1629147,Joe Chealey,1610612766,Hornets
1629148,Johnny Hamilton,1610612765,Pistons
1629149,Codi Miller-McIntyre,1610612742,Mavericks
1629150,Emanuel Terry,1610612748,Heat
1629151,Ryan Broekhoff,1610612742,Mavericks
1629152,DeVaughn Akoon-Purcell,1610612760,Thunder
1629154,Rob Gray,1610612745,Rockets
1629155,Zach Lofton,1610612765,Pistons
1629156,Markel Crawford,1610612763,Grizzlies
1629159,Marcus Lee,1610612748,Heat
1629162,Jordan McLaughlin,1610612750,Timberwolves
1629163,Trey Lewis,1610612762,Jazz
1629164,Brandon Goodwin,1610612737,Hawks
1629165,Nick King,1610612738,Celtics
1629166,Jeff Roberson,1610612738,Celtics
1629167,Justin Bibbs,1610612738,Celtics
1629168,BJ Johnson,1610612753,Magic
1629184,Desi Rodriguez,1610612746,Clippers
1629185,Chris Chiozza,1610612764,Wizards
1629186,Tiwian Kendley,1610612764,Wizards
1629190,C.J. Anderson,1610612737,Hawks
1629203,Jemerrio Jones,1610612764,Wizards
1629226,Ismaila Kane,1610612763,Grizzlies
1629232,Kaiser Gates,1610612738,Celtics
1629234,Drew Eubanks,1610612759,Spurs
1629236,Jonathan Stark,1610612750,Timberwolves
1629244,Cameron Reynolds,1610612749,Bucks
1629245,Nuni Omot,1610612751,Nets
1629246,Tyrius Walker,1610612752,Knicks
1629260,Tim Bond,1610612745,Rockets
1629270,Todd Withers,1610612765,Pistons
1629285,Angel Rodriguez,1610612745,Rockets
1629305,Marcus Allen,1610612747,Lakers
1629308,Juan Toscano-Anderson,1610612744,Warriors
1629312,Haywood Highsmith,1610612755,76ers
1629346,Alen Smailagic,1610612744,Warriors
1629352,Jeffrey Coby,1610612752,Knicks
1629353,Isaac Humphries,1610612753,Magic
1629541,Dairis Bertans,1610612740,Pelicans
1629594,Bennie Boatwright,1610612763,Grizzlies
1629595,Phil Booth,1610612764,Wizards
1629597,Zylan Cheatham,1610612740,Pelicans
1629598,Chris Clemons,1610612745,Rockets
1629599,Amir Coffey,1610612746,Clippers
1629605,Tacko Fall,1610612738,Celtics
1629606,Robert Franks,1610612766,Hornets
1629607,Jared Harper,1610612756,Suns
1629608,Dewan Hernandez,1610612761,Raptors
1629609,Amir Hinton,1610612752,Knicks
1629610,DaQuan Jeffries,1610612758,Kings
1629611,Terance Mann,1610612746,Clippers
1629612,Luke Maye,1610612749,Bucks
1629615,James Palmer Jr.,1610612746,Clippers
1629616,Josh Perkins,1610612766,Hornets
1629620,Justin Robinson,1610612764,Wizards
1629621,Marial Shayok,1610612755,76ers
1629622,Max Strus,1610612741,Bulls
1629623,Lindell Wigginton,1610612750,Timberwolves
1629624,Kenny Wooten,1610612752,Knicks
1629625,Justin Wright-Foreman,1610612762,Jazz
1629626,Bol Bol,1610612743,Nuggets
1629627,Zion Williamson,1610612740,Pelicans
1629628,RJ Barrett,1610612752,Knicks
1629629,Cam Reddish,1610612737,Hawks
1629630,Ja Morant,1610612763,Grizzlies
1629631,De'Andre Hunter,1610612737,Hawks
1629632,Coby White,1610612741,Bulls
1629633,Jarrett Culver,1610612750,Timberwolves
1629634,Brandon Clarke,1610612763,Grizzlies
1629635,Sekou Doumbouya,1610612765,Pistons
1629636,Darius Garland,1610612739,Cavaliers
1629637,Jaxson Hayes,1610612740,Pelicans
1629638,Nickeil Alexander-Walker,1610612740,Pelicans
1629639,Tyler Herro,1610612748,Heat
1629640,Keldon Johnson,1610612759,Spurs
1629641,Romeo Langford,1610612738,Celtics
1629642,Nassir Little,1610612757,Trail Blazers
1629644,KZ Okpala,1610612748,Heat
1629645,Kevin Porter Jr.,1610612739,Cavaliers
1629647,Darius Bazley,1610612760,Thunder
1629648,Jordan Bone,1610612765,Pistons
1629649,Ignas Brazdeikis,1610612752,Knicks
1629650,Moses Brown,1610612757,Trail Blazers
1629651,Nicolas Claxton,1610612751,Nets
1629652,Luguentz Dort,1610612760,Thunder
1629655,Daniel Gafford,1610612741,Bulls
1629657,Kyle Guy,1610612758,Kings
1629658,Jaylen Hoard,1610612757,Trail Blazers
1629659,Talen Horton-Tucker,1610612747,Lakers
1629660,Ty Jerome,1610612756,Suns
1629661,Cameron Johnson,1610612756,Suns
1629662,Mfiondu Kabengele,1610612746,Clippers
1629663,Louis King,1610612765,Pistons
1629664,Dedric Lawson,1610612759,Spurs
1629665,Jalen Lecque,1610612756,Suns
1629667,Jalen McDaniels,1610612766,Hornets
1629668,Zach Norvell Jr.,1610612747,Lakers
1629669,Jaylen Nowell,1610612750,Timberwolves
1629671,Miye Oni,1610612762,Jazz
1629672,Eric Paschall,1610612744,Warriors
1629673,Jordan Poole,1610612744,Warriors
1629675,Naz Reid,1610612750,Timberwolves
1629676,Isaiah Roby,1610612742,Mavericks
1629677,Luka Samanic,1610612759,Spurs
1629678,Admiral Schofield,1610612764,Wizards
1629679,Simisola Shittu,1610612741,Bulls
1629680,Matisse Thybulle,1610612755,76ers
1629682,Tremont Waters,1610612738,Celtics
1629683,Quinndary Weatherspoon,1610612759,Spurs
1629684,Grant Williams,1610612738,Celtics
1629685,Dylan Windler,1610612739,Cavaliers
1629689,Aric Holman,1610612742,Mavericks
1629690,Adam Mokoka,1610612741,Bulls
1629713,Justin James,1610612758,Kings
1629714,Jarrell Brantley,1610612762,Jazz
1629715,Javon Bess,1610612740,Pelicans
1629716,Marques Bolden,1610612739,Cavaliers
1629717,Armoni Brooks,1610612737,Hawks
1629718,Charles Brown Jr.,1610612737,Hawks
1629719,Devontae Cacok,1610612747,Lakers
1629721,JaKeenan Gant,1610612754,Pacers
1629722,V.J. King,1610612752,Knicks
1629723,John Konchar,1610612763,Grizzlies
1629724,Vic Law,1610612753,Magic
1629725,Jeremiah Martin,1610612748,Heat
1629726,Garrison Mathews,1610612764,Wizards
1629729,Josh Reaves,1610612742,Mavericks
1629730,Rayjon Tucker,1610612749,Bucks
1629731,Dean Wade,1610612739,Cavaliers
1629734,Kyle Alexander,1610612748,Heat
1629735,Chris Silva,1610612748,Heat
1629738,Vincent Poirier,1610612738,Celtics
1629739,William Howard,1610612762,Jazz
1629740,Nicolo Melli,1610612740,Pelicans
1629741,Marko Guduric,1610612763,Grizzlies
1629742,Stanton Kidd,1610612762,Jazz
1629743,Donta Hall,1610612765,Pistons
1629744,Matt Thomas,1610612761,Raptors
1629745,Tariq Owens,1610612756,Suns
1629746,Christ Koumadje,1610612755,76ers
1629747,CJ Massinburg,1610612751,Nets
1629749,David Kramer,1610612756,Suns
1629750,Javonte Green,1610612738,Celtics
1629751,Dakota Mathias,1610612742,Mavericks
1629752,Juwan Morgan,1610612762,Jazz
1629753,Isaiah Pineiro,1610612758,Kings
1629755,Hassani Gravett,1610612753,Magic
1629756,Daulton Hommes,1610612759,Spurs
1629759,Ahmed Hill,1610612766,Hornets
1629777,Lamar Peters,1610612752,Knicks
1629779,Justin Simon,1610612741,Bulls
1629786,John Egbunu,1610612751,Nets
1629800,Kavion Pippen,1610612744,Warriors
1629806,B.J. Taylor,1610612746,Clippers
1629818,Jordan Murphy,1610612750,Timberwolves
1629819,Yudai Baba,1610612742,Mavericks
1629824,Jalen Adams,1610612740,Pelicans
1629825,Perrion Callandret,1610612741,Bulls
1629826,Norense Odiase,1610612756,Suns
1629833,Keljin Blevins,1610612757,Trail Blazers
1629860,Jon Davis,1610612753,Magic
1629956,Barry Brown,1610612750,Timberwolves
1629962,Devin Cannady,1610612751,Nets
1629967,Skyler Flatten,1610612748,Heat
1962937755,Paige Marcus,1610612766,Hornets
1962937827,Matt Matt,1610612758,Kings
